VIN, IOUT, IIN, VOUT, AV
-8, 0, -0.00018234000000000002, -2.6554, 1.8150000000000275
-7.98, 0, -0.00018140000000000002, -2.6191000000000004, 1.7950000000000006
-7.96, 0, -0.00018052, -2.5836, 1.8125000000000042
-7.94, 0, -0.00017954, -2.5466, 1.8375000000000015
-7.92, 0, -0.00017864, -2.5101, 1.7974999999999948
-7.9, 0, -0.00017772, -2.4747000000000003, 1.8749999999999918
-7.88, 0, -0.00017678, -2.4351000000000003, 1.9600000000000044
-7.86, 0, -0.00017588, -2.3963, 1.7874999999999959
-7.84, 0, -0.00017494, -2.3636000000000004, 1.7649999999999928
-7.82, 0, -0.000174, -2.3257000000000003, 1.9275000000000024
-7.8, 0, -0.00017306, -2.2865, 1.8750000000000027
-7.78, 0, -0.00017214000000000002, -2.2507, 1.865000000000004
-7.76, 0, -0.00017120000000000001, -2.2119, 1.9750000000000028
-7.74, 0, -0.00017024000000000002, -2.1717, 1.8324999999999909
-7.72, 0, -0.00016930000000000002, -2.1386000000000003, 1.78999999999999
-7.7, 0, -0.00016836000000000002, -2.1001000000000003, 1.9624999999999986
-7.68, 0, -0.00016738000000000001, -2.0601000000000003, 1.9624999999999986
-7.66, 0, -0.00016644, -2.0216000000000003, 1.9925000000000506
-7.6400000000000006, 0, -0.00016546, -1.9804, 1.9620000000000064
-7.62, 0, -0.00016450000000000001, -1.94312, 1.9099999999999988
-7.6000000000000005, 0, -0.00016352, -1.904, 1.9219999999999997
-7.58, 0, -0.00016258, -1.86624, 1.9239999999999962
-7.5600000000000005, 0, -0.0001616, -1.82704, 1.994999999999995
-7.54, 0, -0.00016068, -1.78644, 1.9410000000000021
-7.5200000000000005, 0, -0.00015966, -1.7493999999999998, 1.9219999999999997
-7.5, 0, -0.00015866, -1.70956, 2.0349999999999961
-7.48, 0, -0.00015772, -1.668, 1.9429999999999985
-7.46, 0, -0.00015674000000000002, -1.63184, 1.889
-7.44, 0, -0.00015574, -1.5924399999999999, 2.0230000000000006
-7.42, 0, -0.00015474, -1.5509199999999999, 2.0519999999999965
-7.4, 0, -0.00015372, -1.51036, 2.0659999999999936
-7.38, 0, -0.00015274, -1.46828, 2.0349999999999961
-7.36, 0, -0.0001518, -1.42896, 1.9819999999999987
-7.34, 0, -0.0001508, -1.389, 2.0070000000000014
-7.32, 0, -0.0001498, -1.3486799999999999, 2.0520000000000018
-7.3, 0, -0.00014878000000000002, -1.3069199999999999, 2.0929999999999986
-7.28, 0, -0.00014778, -1.2649599999999999, 1.9629999999999963
-7.26, 0, -0.00014680000000000002, -1.2284, 1.9679999999999958
-7.24, 0, -0.00014580000000000002, -1.18624, 2.109999999999999
-7.22, 0, -0.0001448, -1.144, 1.9769999999999992
-7.2, 0, -0.0001438, -1.10716, 1.9439999999999995
-7.18, 0, -0.0001428, -1.0662399999999999, 2.0799999999999965
-7.16, 0, -0.0001418, -1.02396, 2.0570000000000417
-7.1400000000000006, 0, -0.00014082, -0.98396, 2.0589999999999979
-7.12, 0, -0.00013978000000000002, -0.9416, 2.0619999999999981
-7.1000000000000005, 0, -0.00013878, -0.90148, 2.0369999999999981
-7.08, 0, -0.00013778, -0.86012, 2.1049999999999969
-7.0600000000000005, 0, -0.00013676, -0.81728, 1.989
-7.04, 0, -0.00013574, -0.78055999999999992, 2.086
-7.0200000000000005, 0, -0.00013478, -0.73383999999999994, 2.2029999999999976
-7, 0, -0.00013376000000000002, -0.69243999999999994, 2.0089999999999977
-6.98, 0, -0.00013276, -0.65348, 1.984999999999999
-6.96, 0, -0.00013176, -0.61303999999999992, 2.0599999999999987
-6.94, 0, -0.00013076, -0.57107999999999992, 2.0289999999999955
-6.92, 0, -0.00012976, -0.53188, 2.0889999999999973
-6.9, 0, -0.00012874000000000002, -0.48751999999999995, 2.1069999999999989
-6.88, 0, -0.00012774000000000002, -0.4476, 2.0159999999999978
-6.86, 0, -0.00012670000000000002, -0.40687999999999996, 2.0269999999999992
-6.84, 0, -0.00012574, -0.36651999999999996, 2.0859999999999972
-6.82, 0, -0.00012474, -0.32344, 2.0179999999999971
-6.8, 0, -0.00012374, -0.2858, 1.9789999999999985
-6.78, 0, -0.00012274, -0.24428, 2.0939999999999981
-6.76, 0, -0.00012176000000000001, -0.20204, 2.0719999999999983
-6.74, 0, -0.00012076, -0.1614, 2.0779999999999981
-6.72, 0, -0.00011978000000000001, -0.11892, 2.126999999999998
-6.7, 0, -0.0001188, -0.07632, 2.0429999999999984
-6.68, 0, -0.00011782000000000001, -0.0372, 1.9929999999999981
-6.66, 0, -0.00011684000000000001, 0.0034, 2.0300000000000433
-6.6400000000000006, 0, -0.00011588000000000001, 0.044, 2.0579999999999981
-6.62, 0, -0.00011488000000000001, 0.085719999999999991, 2.041999999999998
-6.6000000000000005, 0, -0.00011394000000000001, 0.12568, 2.1129999999999982
-6.58, 0, -0.00011292000000000001, 0.17024, 2.1859999999999986
-6.5600000000000005, 0, -0.00011194, 0.21312, 2.0729999999999982
-6.54, 0, -0.00011096000000000001, 0.25316, 1.9759999999999975
-6.5200000000000005, 0, -0.00011, 0.29216, 1.9539999999999984
-6.5, 0, -0.00010906, 0.33132, 1.9829999999999983
-6.48, 0, -0.00010808000000000001, 0.37148, 2.0569999999999973
-6.46, 0, -0.00010712, 0.41359999999999997, 2.1259999999999981
-6.44, 0, -0.00010618, 0.45652, 2.1459999999999986
-6.42, 0, -0.00010522000000000001, 0.49944, 2.014999999999997
-6.4, 0, -0.00010428000000000001, 0.53711999999999993, 1.8989999999999989
-6.38, 0, -0.00010332000000000001, 0.5754, 1.9670000000000003
-6.36, 0, -0.00010240000000000001, 0.6158, 2.0189999999999966
-6.34, 0, -0.00010146000000000001, 0.65616, 2.0749999999999971
-6.32, 0, -0.00010052, 0.6988, 2.1429999999999985
-6.3, 0, -9.9596E-05, 0.74188, 2.0069999999999988
-6.28, 0, -9.8674E-05, 0.77908, 1.9689999999999968
-6.26, 0, -9.7756E-05, 0.82063999999999993, 2.1159999999999966
-6.24, 0, -9.6834E-05, 0.86371999999999993, 2.0269999999999992
-6.22, 0, -9.5922000000000008E-05, 0.90172, 1.9699999999999978
-6.2, 0, -9.5012E-05, 0.94251999999999991, 2.0959999999999988
-6.18, 0, -9.4102E-05, 0.98556, 2.0659999999999967
-6.16, 0, -9.3198E-05, 1.0251599999999999, 1.9360000000000401
-6.1400000000000006, 0, -9.2304E-05, 1.063, 1.9850000000000017
-6.12, 0, -9.1404000000000008E-05, 1.10456, 1.996999999999997
-6.1000000000000005, 0, -9.0514000000000008E-05, 1.14288, 1.9539999999999984
-6.08, 0, -8.9598E-05, 1.18272, 1.9159999999999993
-6.0600000000000005, 0, -8.8708E-05, 1.21952, 2.021999999999994
-6.04, 0, -8.7834E-05, 1.2635999999999998, 2.0730000000000008
-6.0200000000000005, 0, -8.6964E-05, 1.30244, 2.0070000000000014
-6, 0, -8.6096E-05, 1.34388, 1.9919999999999976
-5.98, 0, -8.5230000000000009E-05, 1.38212, 1.9559999999999949
-5.96, 0, -8.4364000000000007E-05, 1.4221199999999998, 1.948999999999999
-5.94, 0, -8.3516E-05, 1.46008, 1.9190000000000023
-5.92, 0, -8.267E-05, 1.49888, 1.9399999999999955
-5.9, 0, -8.1822E-05, 1.53768, 1.9899999999999956
-5.88, 0, -8.0988E-05, 1.5784799999999999, 1.9519999999999964
-5.86, 0, -8.0104E-05, 1.6157599999999999, 1.9130000000000018
-5.84, 0, -7.9272000000000009E-05, 1.655, 1.9740000000000018
-5.82, 0, -7.8446E-05, 1.69472, 1.9239999999999962
-5.8, 0, -7.7614E-05, 1.73196, 1.883999999999995
-5.78, 0, -7.6798E-05, 1.7700799999999999, 1.9109999999999998
-5.76, 0, -7.5982E-05, 1.8084, 1.8719999999999999
-5.74, 0, -7.5184E-05, 1.84496, 1.7849999999999962
-5.72, 0, -7.4372E-05, 1.8798, 1.795999999999996
-5.7, 0, -7.3574E-05, 1.9167999999999998, 1.9209999999999987
-5.68, 0, -7.2782000000000009E-05, 1.95664, 2.0089999999999977
-5.66, 0, -7.2E-05, 1.9971599999999998, 1.9879999999999936
-5.64, 0, -7.1174E-05, 2.0361599999999997, 1.9089999999999978
-5.62, 0, -7.0396000000000008E-05, 2.07352, 1.763000000000041
-5.6000000000000005, 0, -6.9628E-05, 2.10668, 1.8909999999999965
-5.58, 0, -6.884E-05, 2.1491599999999997, 1.9829999999999997
-5.5600000000000005, 0, -6.808E-05, 2.186, 1.7810000000000088
-5.54, 0, -6.7314E-05, 2.2204, 1.9250000000000083
-5.5200000000000005, 0, -6.656E-05, 2.2630000000000003, 1.8874999999999957
-5.5, 0, -6.5806E-05, 2.2959, 1.8149999999999984
-5.48, 0, -6.5064E-05, 2.3356000000000003, 1.8800000000000021
-5.46, 0, -6.4316E-05, 2.3711, 1.8574999999999993
-5.44, 0, -6.3582E-05, 2.4099000000000004, 1.8774999999999968
-5.42, 0, -6.285E-05, 2.4462, 1.7974999999999948
-5.4, 0, -6.2096E-05, 2.4818000000000002, 1.7624999999999986
-5.38, 0, -6.1368E-05, 2.5167, 1.8800000000000021
-5.36, 0, -6.0650000000000004E-05, 2.5570000000000004, 1.8349999999999962
-5.34, 0, -5.9944E-05, 2.5901, 1.7274999999999914
-5.32, 0, -5.9234E-05, 2.6261, 1.787500000000007
-5.3, 0, -5.8542E-05, 2.6616000000000004, 1.7450000000000061
-5.28, 0, -5.7838000000000004E-05, 2.6959000000000004, 1.8249999999999973
-5.26, 0, -5.7152000000000004E-05, 2.7346000000000004, 1.9299999999999966
-5.24, 0, -5.6462E-05, 2.7731000000000003, 1.8124999999999931
-5.22, 0, -5.5782E-05, 2.8071, 1.7425000000000008
-5.2, 0, -5.5094000000000005E-05, 2.8428000000000004, 1.722500000000003
-5.18, 0, -5.4406E-05, 2.8760000000000003, 1.6824999999999963
-5.16, 0, -5.373E-05, 2.9101000000000004, 1.9399999999999955
-5.14, 0, -5.3066E-05, 2.9536000000000002, 1.9299999999999966
-5.12, 0, -5.2412E-05, 2.9873000000000003, 1.7825000000000359
-5.1000000000000005, 0, -5.176E-05, 3.0249, 1.7499999999999945
-5.08, 0, -5.1114E-05, 3.0573, 1.6275000000000024
-5.0600000000000005, 0, -5.0480000000000005E-05, 3.0900000000000003, 1.645000000000006
-5.04, 0, -4.983E-05, 3.1231000000000004, 1.6750000000000027
-5.0200000000000005, 0, -4.9198E-05, 3.1570000000000005, 1.8049999999999995
-5, 0, -4.8574E-05, 3.1953000000000005, 1.7749999999999917
-4.98, 0, -4.7956E-05, 3.228, 1.7724999999999975
-4.96, 0, -4.7318E-05, 3.2662000000000004, 1.7724999999999975
-4.94, 0, -4.6704E-05, 3.2989, 1.6549999999999938
-4.92, 0, -4.6098000000000005E-05, 3.3324000000000003, 1.7425000000000008
-4.9, 0, -4.55E-05, 3.3686000000000003, 1.6924999999999952
-4.88, 0, -4.4898E-05, 3.4001, 1.6974999999999947
-4.86, 0, -4.4308E-05, 3.4365, 1.6825000000000074
-4.84, 0, -4.3712000000000004E-05, 3.4674000000000005, 1.5950000000000006
-4.82, 0, -4.3144E-05, 3.5003, 1.6699999999999922
-4.8, 0, -4.2556000000000004E-05, 3.5342000000000002, 1.6874999999999958
-4.78, 0, -4.1988E-05, 3.5678, 1.8049999999999995
-4.76, 0, -4.1412E-05, 3.6064000000000003, 1.7400000000000067
-4.74, 0, -4.0824E-05, 3.6374000000000004, 1.6149999999999984
-4.72, 0, -4.027E-05, 3.6710000000000003, 1.6124999999999932
-4.7, 0, -3.972E-05, 3.7019, 1.5425000000000009
-4.68, 0, -3.9176E-05, 3.7327000000000004, 1.634999999999996
-4.66, 0, -3.8642E-05, 3.7673, 1.7674999999999981
-4.64, 0, -3.811E-05, 3.8034000000000003, 1.7475000000000003
-4.62, 0, -3.7574E-05, 3.8372, 1.5475000000000347
-4.6000000000000005, 0, -3.7048E-05, 3.8653000000000004, 1.5925000000000065
-4.58, 0, -3.6512E-05, 3.9009000000000005, 1.7299999999999967
-4.5600000000000005, 0, -3.5988E-05, 3.9345000000000003, 1.5874999999999959
-4.54, 0, -3.5472E-05, 3.9644000000000004, 1.6225000000000032
-4.5200000000000005, 0, -3.4944E-05, 3.9994000000000005, 1.5824999999999965
-4.5, 0, -3.4446E-05, 4.0277, 1.6399999999999955
-4.48, 0, -3.3946E-05, 4.065, 1.6750000000000027
-4.46, 0, -3.345E-05, 4.0947000000000005, 1.5149999999999984
-4.44, 0, -3.2968E-05, 4.1256, 1.6650000000000038
-4.42, 0, -3.248E-05, 4.1613000000000007, 1.5924999999999954
-4.4, 0, -3.2004E-05, 4.1893, 1.4799999999999911
-4.38, 0, -3.1534E-05, 4.2205, 1.5524999999999998
-4.36, 0, -3.1056E-05, 4.2514, 1.4574999999999991
-4.34, 0, -3.0594E-05, 4.2788, 1.5300000000000078
-4.32, 0, -3.0128E-05, 4.3126000000000007, 1.7249999999999972
-4.3, 0, -2.9648E-05, 4.3478, 1.5900000000000012
-4.28, 0, -2.9198E-05, 4.3762000000000008, 1.4999999999999889
-4.26, 0, -2.8746000000000002E-05, 4.4078, 1.467499999999998
-4.24, 0, -2.8302E-05, 4.4349000000000007, 1.4574999999999991
-4.22, 0, -2.7868E-05, 4.4661, 1.4824999999999853
-4.2, 0, -2.7438E-05, 4.4942, 1.4825000000000075
-4.18, 0, -2.7004E-05, 4.5254, 1.609999999999999
-4.16, 0, -2.6582E-05, 4.5586, 1.4599999999999933
-4.14, 0, -2.6162E-05, 4.5838, 1.5300000000000078
-4.12, 0, -2.5744E-05, 4.6198000000000006, 1.5524999999999998
-4.1, 0, -2.5328000000000002E-05, 4.6459, 1.4724999999999864
-4.08, 0, -2.4926E-05, 4.6787, 1.6100000000000347
-4.0600000000000005, 0, -2.4508E-05, 4.7103, 1.5450000000000173
-4.04, 0, -2.4106E-05, 4.7405000000000008, 1.4375000000000013
-4.0200000000000005, 0, -2.371E-05, 4.7678, 1.4399999999999955
-4, 0, -2.3322E-05, 4.7981000000000007, 1.5149999999999868
-8, 0, -0.00017918, -2.9249, 1.6400000000000319
-7.98, 0, -0.00017832000000000001, -2.8921, 1.6399999999999955
-7.96, 0, -0.0001774, -2.8593, 1.7349999999999961
-7.94, 0, -0.00017652000000000002, -2.8227, 1.8375000000000015
-7.92, 0, -0.00017568, -2.7858, 1.832500000000002
-7.9, 0, -0.00017482, -2.7494, 1.7249999999999972
-7.88, 0, -0.00017392000000000002, -2.7168, 1.7474999999999892
-7.86, 0, -0.00017302000000000002, -2.6795000000000004, 1.7799999999999911
-7.84, 0, -0.00017214000000000002, -2.6456000000000004, 1.7950000000000006
-7.82, 0, -0.00017124000000000002, -2.6077000000000004, 1.7725000000000086
-7.8, 0, -0.00017038, -2.5747, 1.7700000000000034
-7.78, 0, -0.00016948, -2.5369, 1.8749999999999918
-7.76, 0, -0.00016862000000000002, -2.4997000000000003, 1.8674999999999982
-7.74, 0, -0.00016772, -2.4622, 1.8075000000000048
-7.72, 0, -0.00016678, -2.4274, 1.7649999999999928
-7.7, 0, -0.00016588, -2.3916000000000004, 1.8599999999999934
-7.68, 0, -0.00016492, -2.353, 1.8825000000000074
-7.66, 0, -0.000164, -2.3163, 1.8450000000000359
-7.6400000000000006, 0, -0.0001631, -2.2792000000000003, 1.8974999999999946
-7.62, 0, -0.0001622, -2.2404, 1.9149999999999983
-7.6000000000000005, 0, -0.00016130000000000002, -2.2026000000000003, 1.8950000000000005
-7.58, 0, -0.00016036000000000002, -2.1646, 1.8875000000000068
-7.5600000000000005, 0, -0.00015944, -2.1271, 1.8924999999999952
-7.54, 0, -0.00015852000000000002, -2.0889, 1.912499999999993
-7.5200000000000005, 0, -0.0001576, -2.0506, 1.8475000000000004
-7.5, 0, -0.00015666, -2.015, 1.864000000000003
-7.48, 0, -0.00015572, -1.97604, 1.9360000000000026
-7.46, 0, -0.00015476000000000002, -1.93756, 1.8390000000000002
-7.44, 0, -0.0001538, -1.90248, 1.8979999999999979
-7.42, 0, -0.00015288, -1.86164, 2.0379999999999989
-7.4, 0, -0.0001519, -1.82096, 1.9790000000000012
-7.38, 0, -0.00015096, -1.7824799999999998, 1.9399999999999955
-7.36, 0, -0.00015002, -1.74336, 1.9899999999999956
-7.34, 0, -0.00014904, -1.70288, 2.0640000000000027
-7.32, 0, -0.00014814, -1.6607999999999998, 1.9659999999999993
-7.3, 0, -0.00014718, -1.62424, 1.9079999999999968
-7.28, 0, -0.00014622000000000002, -1.5844799999999999, 1.9569999999999959
-7.26, 0, -0.00014528000000000002, -1.54596, 1.9299999999999966
-7.24, 0, -0.00014432, -1.50728, 1.9690000000000023
-7.22, 0, -0.00014336, -1.4671999999999998, 1.9689999999999968
-7.2, 0, -0.00014240000000000002, -1.42852, 1.9229999999999952
-7.18, 0, -0.00014144, -1.39028, 1.9819999999999987
-7.16, 0, -0.00014046000000000002, -1.34924, 1.9880000000000433
-7.1400000000000006, 0, -0.0001395, -1.31076, 1.9609999999999999
-7.12, 0, -0.00013852, -1.2708, 2.0909999999999966
-7.1000000000000005, 0, -0.00013756, -1.22712, 2.0649999999999982
-7.08, 0, -0.00013658, -1.1882, 1.989
-7.0600000000000005, 0, -0.00013560000000000002, -1.14756, 2.0009999999999954
-7.04, 0, -0.00013466000000000002, -1.10816, 1.9659999999999993
-7.0200000000000005, 0, -0.00013368, -1.0689199999999999, 1.953000000000003
-7, 0, -0.0001327, -1.0300399999999998, 2.008999999999995
-6.98, 0, -0.00013174, -0.98856, 2.0369999999999955
-6.96, 0, -0.00013074, -0.94856, 2.0049999999999994
-6.94, 0, -0.0001298, -0.90836, 2.0029999999999974
-6.92, 0, -0.00012880000000000001, -0.86844, 2.0059999999999976
-6.9, 0, -0.00012788, -0.82812, 2.1
-6.88, 0, -0.0001269, -0.78443999999999992, 2.1909999999999994
-6.86, 0, -0.00012588, -0.74047999999999992, 2.0359999999999969
-6.84, 0, -0.00012492000000000002, -0.703, 1.983999999999998
-6.82, 0, -0.00012396, -0.66111999999999993, 2.0979999999999981
-6.8, 0, -0.00012298000000000002, -0.61908, 2.0649999999999982
-6.78, 0, -0.00012204, -0.57851999999999992, 2.0269999999999992
-6.76, 0, -0.00012106000000000001, -0.53799999999999992, 2.0119999999999969
-6.74, 0, -0.00012008, -0.49804, 2.0259999999999967
-6.72, 0, -0.00011914, -0.45696, 2.0229999999999979
-6.7, 0, -0.00011816000000000001, -0.41712, 2.0399999999999983
-6.68, 0, -0.0001172, -0.37535999999999997, 2.0789999999999984
-6.66, 0, -0.00011624000000000001, -0.33396, 2.049000000000043
-6.6400000000000006, 0, -0.00011528000000000001, -0.2934, 2.0649999999999982
-6.62, 0, -0.00011432, -0.25136, 2.0759999999999983
-6.6000000000000005, 0, -0.00011338, -0.21036, 2.1449999999999978
-6.58, 0, -0.00011242000000000001, -0.16555999999999999, 2.138999999999998
-6.5600000000000005, 0, -0.00011146000000000001, -0.1248, 2.0859999999999976
-6.54, 0, -0.0001105, -0.08212, 2.0879999999999979
-6.5200000000000005, 0, -0.00010956, -0.04128, 2.0679999999999983
-6.5, 0, -0.00010862, 0.0006, 2.0669999999999984
-6.48, 0, -0.00010766000000000001, 0.0414, 2.0369999999999981
-6.46, 0, -0.00010676, 0.08208, 2.0409999999999981
-6.44, 0, -0.00010580000000000001, 0.12304, 2.0699999999999981
-6.42, 0, -0.00010488000000000001, 0.16488, 2.033999999999998
-6.4, 0, -0.00010394000000000001, 0.2044, 2.0359999999999978
-6.38, 0, -0.00010304, 0.24631999999999998, 2.0939999999999976
-6.36, 0, -0.0001021, 0.28815999999999997, 2.0789999999999984
-6.34, 0, -0.00010118, 0.32948, 2.0569999999999986
-6.32, 0, -0.00010028000000000001, 0.37044, 2.1019999999999976
-6.3, 0, -9.9332E-05, 0.41356, 2.0429999999999984
-6.28, 0, -9.841E-05, 0.45216, 1.965999999999998
-6.26, 0, -9.7504000000000007E-05, 0.49219999999999997, 1.9679999999999986
-6.24, 0, -9.6594E-05, 0.53088, 2.1209999999999987
-6.22, 0, -9.5686E-05, 0.57704, 2.0859999999999972
-6.2, 0, -9.4796E-05, 0.61432, 1.9799999999999967
-6.18, 0, -9.3896E-05, 0.65623999999999993, 2.0389999999999975
-6.16, 0, -9.3008E-05, 0.69587999999999994, 2.0290000000000434
-6.1400000000000006, 0, -9.2116E-05, 0.73739999999999994, 1.8949999999999978
-6.12, 0, -9.1234E-05, 0.77167999999999992, 1.864
-6.1000000000000005, 0, -9.034800000000001E-05, 0.81196, 1.9819999999999987
-6.08, 0, -8.9428E-05, 0.85095999999999994, 2.0659999999999967
-6.0600000000000005, 0, -8.8562E-05, 0.8946, 2.0149999999999983
-6.04, 0, -8.7696000000000009E-05, 0.93155999999999994, 1.9539999999999984
-6.0200000000000005, 0, -8.6836000000000007E-05, 0.97276, 1.9859999999999971
-6, 0, -8.598E-05, 1.011, 2.003
-5.98, 0, -8.5118000000000007E-05, 1.05288, 2.1319999999999988
-5.96, 0, -8.4274E-05, 1.09628, 1.9799999999999967
-5.94, 0, -8.3416E-05, 1.13208, 1.8809999999999976
-5.92, 0, -8.257E-05, 1.17152, 2.0319999999999987
-5.9, 0, -8.1724E-05, 1.21336, 1.9929999999999986
-5.88, 0, -8.0892E-05, 1.25124, 1.9899999999999956
-5.86, 0, -8.003E-05, 1.2929599999999999, 2.0780000000000003
-5.84, 0, -7.9204000000000009E-05, 1.33436, 2.025999999999998
-5.82, 0, -7.8366E-05, 1.3739999999999999, 1.9379999999999991
-5.8, 0, -7.7544E-05, 1.41188, 1.9460000000000015
-5.78, 0, -7.6750000000000009E-05, 1.45184, 1.946999999999997
-5.76, 0, -7.593E-05, 1.48976, 1.8329999999999942
-5.74, 0, -7.5118000000000008E-05, 1.5251599999999999, 1.9759999999999982
-5.72, 0, -7.432E-05, 1.5688, 2.051000000000001
-5.7, 0, -7.3522E-05, 1.6072, 1.9139999999999973
-5.68, 0, -7.2734E-05, 1.64536, 1.8759999999999981
-5.66, 0, -7.195E-05, 1.68224, 1.9909999999999966
-5.64, 0, -7.1150000000000008E-05, 1.7249999999999999, 2.0149999999999983
-5.62, 0, -7.0356E-05, 1.76284, 2.018000000000046
-5.6000000000000005, 0, -6.9588E-05, 1.80572, 2.0089999999999977
-5.58, 0, -6.8826000000000008E-05, 1.8432, 1.8749999999999973
-5.5600000000000005, 0, -6.8052E-05, 1.88072, 1.8989999999999989
-5.54, 0, -6.729E-05, 1.91916, 1.8659999999999994
-5.5200000000000005, 0, -6.6548E-05, 1.95536, 1.8899999999999955
-5.5, 0, -6.5794E-05, 1.9947599999999999, 1.9579999999999969
-5.48, 0, -6.504E-05, 2.03368, 1.9249999999999972
-5.46, 0, -6.4308000000000008E-05, 2.07176, 1.9549999999999939
-5.44, 0, -6.3576E-05, 2.1118799999999998, 1.9870000000000037
-5.42, 0, -6.2842E-05, 2.15124, 1.8500000000000056
-5.4, 0, -6.2088E-05, 2.18588, 1.781500000000001
-5.38, 0, -6.1374E-05, 2.2225, 1.887999999999999
-5.36, 0, -6.0660000000000005E-05, 2.2614, 1.9075000000000046
-5.34, 0, -5.9948E-05, 2.2988000000000004, 1.865000000000004
-5.32, 0, -5.9246E-05, 2.3360000000000003, 1.967499999999998
-5.3, 0, -5.8544E-05, 2.3775000000000004, 1.8425000000000009
-5.28, 0, -5.7842E-05, 2.4097000000000004, 1.8449999999999951
-5.26, 0, -5.7158000000000004E-05, 2.4513000000000003, 1.88999999999999
-5.24, 0, -5.6472000000000004E-05, 2.4853, 1.822499999999992
-5.22, 0, -5.5784E-05, 2.5242, 1.8475000000000004
-5.2, 0, -5.5114E-05, 2.5592, 1.7925000000000064
-5.18, 0, -5.4420000000000004E-05, 2.5959000000000003, 1.865000000000004
-5.16, 0, -5.3754E-05, 2.6338000000000004, 1.8399999999999956
-5.14, 0, -5.3094000000000004E-05, 2.6695, 1.7024999999999941
-5.12, 0, -5.2436000000000004E-05, 2.7019, 1.7775000000000365
-5.1000000000000005, 0, -5.1782E-05, 2.7406, 1.9750000000000028
-5.08, 0, -5.1138000000000004E-05, 2.7809000000000004, 1.9500000000000055
-5.0600000000000005, 0, -5.05E-05, 2.8186000000000004, 1.7574999999999992
-5.04, 0, -4.9862000000000005E-05, 2.8512000000000004, 1.6474999999999891
-5.0200000000000005, 0, -4.9224E-05, 2.8845, 1.8949999999999894
-5, 0, -4.8588E-05, 2.927, 1.9850000000000017
-4.98, 0, -4.7974E-05, 2.9639, 1.7950000000000006
-4.96, 0, -4.7338E-05, 2.9988, 1.7249999999999972
-4.94, 0, -4.672E-05, 3.0329, 1.7824999999999964
-4.92, 0, -4.6116000000000004E-05, 3.0701, 1.7975000000000059
-4.9, 0, -4.5512E-05, 3.1048000000000004, 1.755000000000005
-4.88, 0, -4.4918E-05, 3.1403000000000003, 1.6774999999999969
-4.86, 0, -4.4324000000000005E-05, 3.1719000000000004, 1.8375000000000015
-4.84, 0, -4.3746000000000004E-05, 3.2138000000000004, 1.8324999999999909
-4.82, 0, -4.3158E-05, 3.2452, 1.7624999999999986
-4.8, 0, -4.2578000000000005E-05, 3.2843000000000004, 1.667499999999998
-4.78, 0, -4.2012000000000004E-05, 3.3119, 1.6249999999999973
-4.76, 0, -4.1446E-05, 3.3493000000000004, 1.8400000000000067
-4.74, 0, -4.0864E-05, 3.3855000000000004, 1.7574999999999992
-4.72, 0, -4.0304E-05, 3.4196000000000004, 1.6774999999999969
-4.7, 0, -3.9756000000000004E-05, 3.4526000000000003, 1.8349999999999962
-4.68, 0, -3.9216E-05, 3.4930000000000003, 1.9275000000000024
-4.66, 0, -3.8662000000000004E-05, 3.5297000000000005, 1.5674999999999981
-4.64, 0, -3.8128E-05, 3.5557000000000003, 1.5649999999999928
-4.62, 0, -3.7584000000000005E-05, 3.5923000000000003, 1.6775000000000342
-4.6000000000000005, 0, -3.7072E-05, 3.6228000000000002, 1.7600000000000045
-4.58, 0, -3.6538E-05, 3.6627000000000005, 1.9149999999999983
-4.5600000000000005, 0, -3.6018E-05, 3.6994000000000002, 1.6624999999999985
-4.54, 0, -3.5510000000000004E-05, 3.7292000000000005, 1.6600000000000044
-4.5200000000000005, 0, -3.498E-05, 3.7658000000000005, 1.6649999999999927
-4.5, 0, -3.4476E-05, 3.7958000000000003, 1.6199999999999979
-4.48, 0, -3.3978E-05, 3.8306000000000004, 1.6874999999999958
-4.46, 0, -3.3488E-05, 3.8633, 1.6199999999999979
-4.44, 0, -3.2996E-05, 3.8954000000000004, 1.5574999999999992
-4.42, 0, -3.251E-05, 3.9256, 1.634999999999996
-4.4, 0, -3.2026E-05, 3.9608000000000003, 1.9025000000000052
-4.38, 0, -3.1554E-05, 4.0017000000000005, 1.7450000000000061
-4.36, 0, -3.1082E-05, 4.0306000000000006, 1.4924999999999842
-4.34, 0, -3.0614E-05, 4.0614, 1.3624999999999987
-4.32, 0, -3.0148E-05, 4.0851000000000006, 1.4975000000000169
-4.3, 0, -2.9666E-05, 4.1213000000000006, 1.8375000000000015
-4.28, 0, -2.923E-05, 4.1586000000000007, 1.7349999999999961
-4.26, 0, -2.8782E-05, 4.1907000000000005, 1.6424999999999896
-4.24, 0, -2.834E-05, 4.2243, 1.6299999999999966
-4.22, 0, -2.7902E-05, 4.2559000000000005, 1.5775000000000081
-4.2, 0, -2.7462000000000002E-05, 4.2874000000000008, 1.6024999999999943
-4.18, 0, -2.7040000000000002E-05, 4.32, 1.6174999999999815
-4.16, 0, -2.6612000000000002E-05, 4.3521, 1.4699999999999922
-4.14, 0, -2.6188E-05, 4.3788, 1.4925000000000064
-4.12, 0, -2.5764E-05, 4.4118, 1.6375000000000013
-4.1, 0, -2.5352E-05, 4.4443, 1.6725000000000085
-4.08, 0, -2.4956E-05, 4.4787000000000008, 1.5400000000000409
-4.0600000000000005, 0, -2.4534E-05, 4.5059000000000005, 1.4824999999999853
-4.04, 0, -2.4136E-05, 4.538, 1.6999999999999889
-4.0200000000000005, 0, -2.3736E-05, 4.5739, 1.645000000000006
-4, 0, -2.3344000000000002E-05, 4.6038000000000006, 1.4949999999999897
-8, 0, -0.00017408000000000001, -3.2803000000000004, 1.6350000000000435
-7.98, 0, -0.00017332, -3.2476000000000003, 1.6250000000000082
-7.96, 0, -0.00017252, -3.2153, 1.6900000000000011
-7.94, 0, -0.00017164, -3.18, 1.6874999999999958
-7.92, 0, -0.00017082000000000002, -3.1478, 1.6850000000000016
-7.9, 0, -0.00017002, -3.1126, 1.6874999999999958
-7.88, 0, -0.00016916, -3.0803000000000003, 1.5924999999999954
-7.86, 0, -0.00016832000000000002, -3.0489, 1.6399999999999955
-7.84, 0, -0.0001675, -3.0147000000000004, 1.7475000000000003
-7.82, 0, -0.0001667, -2.979, 1.8075000000000048
-7.8, 0, -0.00016590000000000002, -2.9424, 1.7499999999999945
-7.78, 0, -0.00016506000000000002, -2.9090000000000003, 1.6824999999999963
-7.76, 0, -0.00016424, -2.8751, 1.6974999999999947
-7.74, 0, -0.00016340000000000001, -2.8411000000000004, 1.7399999999999956
-7.72, 0, -0.00016258, -2.8055000000000003, 1.7425000000000008
-7.7, 0, -0.00016168, -2.7714000000000003, 1.7049999999999994
-7.68, 0, -0.00016082000000000002, -2.7373000000000003, 1.7574999999999992
-7.66, 0, -0.00015998000000000002, -2.7011000000000003, 1.7850000000000412
-7.6400000000000006, 0, -0.00015914, -2.6659, 1.7700000000000034
-7.62, 0, -0.00015828, -2.6303, 1.6824999999999963
-7.6000000000000005, 0, -0.0001574, -2.5986000000000002, 1.7199999999999978
-7.58, 0, -0.00015654000000000002, -2.5615, 1.744999999999995
-7.5600000000000005, 0, -0.00015566, -2.5288000000000004, 1.712499999999993
-7.54, 0, -0.00015480000000000002, -2.4930000000000003, 1.8500000000000056
-7.5200000000000005, 0, -0.00015394, -2.4548, 1.7400000000000067
-7.5, 0, -0.00015304, -2.4234, 1.7174999999999925
-7.48, 0, -0.00015216, -2.3861000000000003, 1.9174999999999924
-7.46, 0, -0.00015134, -2.3467000000000002, 1.8550000000000051
-7.44, 0, -0.00015046000000000002, -2.3119, 1.7874999999999959
-7.42, 0, -0.0001496, -2.2752000000000003, 1.9024999999999941
-7.4, 0, -0.00014868000000000002, -2.2358000000000002, 1.8500000000000056
-7.38, 0, -0.00014778, -2.2012, 1.7974999999999948
-7.36, 0, -0.00014688, -2.1639000000000004, 1.8749999999999918
-7.34, 0, -0.000146, -2.1262000000000003, 1.8225000000000031
-7.32, 0, -0.00014514, -2.091, 1.8500000000000056
-7.3, 0, -0.00014426, -2.0522, 1.9
-7.28, 0, -0.00014334000000000002, -2.015, 1.8300000000000023
-7.26, 0, -0.00014244, -1.9789999999999999, 1.8760000000000037
-7.24, 0, -0.00014154, -1.93996, 1.9239999999999962
-7.22, 0, -0.00014068000000000002, -1.90204, 1.8359999999999972
-7.2, 0, -0.00013976, -1.86652, 1.8319999999999987
-7.18, 0, -0.00013886, -1.82876, 1.9299999999999966
-7.16, 0, -0.00013796000000000001, -1.78932, 1.9200000000000403
-7.1400000000000006, 0, -0.00013706000000000002, -1.75196, 1.9049999999999994
-7.12, 0, -0.00013612000000000002, -1.71312, 1.947999999999998
-7.1000000000000005, 0, -0.00013522, -1.67404, 1.9659999999999993
-7.08, 0, -0.00013432, -1.63448, 1.9130000000000018
-7.0600000000000005, 0, -0.00013344, -1.5975199999999998, 1.9259999999999982
-7.04, 0, -0.00013248, -1.55744, 1.9329999999999941
-7.0200000000000005, 0, -0.00013156000000000002, -1.5202, 1.9060000000000004
-7, 0, -0.00013066, -1.4811999999999999, 1.9429999999999985
-6.98, 0, -0.00012976, -1.44248, 1.9029999999999974
-6.96, 0, -0.00012882, -1.4050799999999999, 1.9049999999999994
-6.94, 0, -0.00012790000000000002, -1.36628, 2.0189999999999966
-6.92, 0, -0.00012698, -1.32432, 2.0699999999999976
-6.9, 0, -0.00012606, -1.28348, 1.947999999999998
-6.88, 0, -0.00012514, -1.2464, 2.0120000000000009
-6.86, 0, -0.00012422, -1.2029999999999999, 1.9849999999999961
-6.84, 0, -0.00012326, -1.167, 1.9089999999999978
-6.82, 0, -0.00012236000000000001, -1.1266399999999999, 2.0630000000000019
-6.8, 0, -0.00012142000000000001, -1.0844799999999999, 2.0409999999999964
-6.78, 0, -0.00012054000000000001, -1.045, 1.9369999999999981
-6.76, 0, -0.00011960000000000001, -1.007, 1.9519999999999964
-6.74, 0, -0.00011866, -0.96692, 1.982999999999997
-6.72, 0, -0.00011776000000000001, -0.92768, 2.0069999999999988
-6.7, 0, -0.00011686, -0.88664, 2.0439999999999969
-6.68, 0, -0.00011594, -0.84592, 2.061
-6.66, 0, -0.00011504000000000001, -0.80419999999999991, 2.0990000000000455
-6.6400000000000006, 0, -0.00011410000000000001, -0.76196, 2.010999999999997
-6.62, 0, -0.00011318000000000001, -0.72376, 2.0019999999999993
-6.6000000000000005, 0, -0.00011224000000000001, -0.68187999999999993, 2.0359999999999969
-6.58, 0, -0.00011130000000000001, -0.64232, 2.0179999999999958
-6.5600000000000005, 0, -0.00011042, -0.60116, 2.064
-6.54, 0, -0.00010952000000000001, -0.55975999999999992, 2.0429999999999984
-6.5200000000000005, 0, -0.00010860000000000001, -0.51944, 2.0199999999999965
-6.5, 0, -0.00010766000000000001, -0.47896, 2.0109999999999983
-6.48, 0, -0.00010676, -0.439, 1.9539999999999984
-6.46, 0, -0.00010586, -0.4008, 1.9689999999999981
-6.44, 0, -0.00010496000000000001, -0.36024, 2.0389999999999988
-6.42, 0, -0.00010406, -0.31923999999999997, 2.0589999999999993
-6.4, 0, -0.00010316000000000001, -0.27787999999999996, 2.0579999999999976
-6.38, 0, -0.00010226, -0.23692, 2.0509999999999975
-6.36, 0, -0.00010134, -0.19584, 2.0049999999999981
-6.34, 0, -0.00010046000000000001, -0.15672, 1.947999999999998
-6.32, 0, -9.9608E-05, -0.11792, 2.0369999999999981
-6.3, 0, -9.8672E-05, -0.07524, 2.1239999999999983
-6.28, 0, -9.7794E-05, -0.032959999999999996, 2.0169999999999981
-6.26, 0, -9.6906E-05, 0.0054399999999999995, 2.021999999999998
-6.24, 0, -9.6018E-05, 0.04792, 2.1209999999999982
-6.22, 0, -9.5150000000000009E-05, 0.09028, 2.0609999999999986
-6.2, 0, -9.4268E-05, 0.13036, 2.0719999999999978
-6.18, 0, -9.3408E-05, 0.17315999999999998, 2.0599999999999974
-6.16, 0, -9.2524E-05, 0.21275999999999998, 2.0250000000000434
-6.1400000000000006, 0, -9.1662E-05, 0.25416, 2.0699999999999985
-6.12, 0, -9.08E-05, 0.29556, 2.0119999999999982
-6.1000000000000005, 0, -8.9932E-05, 0.33464, 1.9909999999999979
-6.08, 0, -8.9036E-05, 0.3752, 2.0139999999999971
-6.0600000000000005, 0, -8.8172000000000009E-05, 0.41519999999999996, 1.9809999999999977
-6.04, 0, -8.7328E-05, 0.45443999999999996, 2.069999999999999
-6.0200000000000005, 0, -8.6482E-05, 0.498, 2.1019999999999994
-6, 0, -8.5634E-05, 0.53852, 2.0289999999999986
-5.98, 0, -8.4798E-05, 0.57916, 1.9759999999999982
-5.96, 0, -8.3952E-05, 0.61756, 1.9669999999999976
-5.94, 0, -8.3116000000000009E-05, 0.65784, 2.0069999999999988
-5.92, 0, -8.2292E-05, 0.69784, 2.0119999999999982
-5.9, 0, -8.1464E-05, 0.73832, 2.0289999999999955
-5.88, 0, -8.0634E-05, 0.77899999999999991, 2.0779999999999976
-5.86, 0, -7.9784000000000007E-05, 0.82144, 1.9829999999999997
-5.84, 0, -7.8972E-05, 0.85832, 1.9709999999999988
-5.82, 0, -7.816E-05, 0.90028, 2.0359999999999969
-5.8, 0, -7.7346E-05, 0.93975999999999993, 1.9759999999999982
-5.78, 0, -7.6552000000000008E-05, 0.97932, 1.9900000000000011
-5.76, 0, -7.575E-05, 1.01936, 1.9339999999999951
-5.74, 0, -7.495E-05, 1.0566799999999998, 1.9859999999999971
-5.72, 0, -7.4166000000000008E-05, 1.0988, 2.0140000000000029
-5.7, 0, -7.3372E-05, 1.13724, 1.9359999999999971
-5.68, 0, -7.2596000000000008E-05, 1.17624, 1.9869999999999981
-5.66, 0, -7.1822E-05, 1.21672, 2.0229999999999952
-5.64, 0, -7.1016E-05, 1.2571599999999998, 2.0359999999999969
-5.62, 0, -7.0242E-05, 1.29816, 2.0530000000000488
-5.6000000000000005, 0, -6.947E-05, 1.33928, 1.9349999999999961
-5.58, 0, -6.8712E-05, 1.37556, 1.8359999999999972
-5.5600000000000005, 0, -6.7954000000000007E-05, 1.41272, 1.8649999999999984
-5.54, 0, -6.7208E-05, 1.45016, 1.9279999999999946
-5.5200000000000005, 0, -6.6464E-05, 1.4898399999999998, 2.0429999999999984
-5.5, 0, -6.5732E-05, 1.53188, 2.0379999999999989
-5.48, 0, -6.4976E-05, 1.5713599999999999, 1.8099999999999989
-5.46, 0, -6.425E-05, 1.60428, 1.9190000000000023
-5.44, 0, -6.3504000000000007E-05, 1.64812, 2.0089999999999977
-5.42, 0, -6.2782E-05, 1.68464, 1.9279999999999946
-5.4, 0, -6.2034E-05, 1.7252399999999999, 1.9609999999999999
-5.38, 0, -6.1314E-05, 1.76308, 1.8809999999999976
-5.36, 0, -6.0608E-05, 1.8004799999999999, 1.9049999999999994
-5.34, 0, -5.99E-05, 1.83928, 1.9879999999999991
-5.32, 0, -5.9204000000000004E-05, 1.88, 1.9219999999999942
-5.3, 0, -5.8506000000000005E-05, 1.9161599999999999, 1.861
-5.28, 0, -5.7814E-05, 1.95444, 1.9369999999999981
-5.26, 0, -5.7128E-05, 1.9936399999999999, 1.9410000000000021
-5.24, 0, -5.6452E-05, 2.03208, 1.9869999999999981
-5.22, 0, -5.5778E-05, 2.07312, 1.9309999999999921
-5.2, 0, -5.5104E-05, 2.10932, 1.8560000000000005
-5.18, 0, -5.4404E-05, 2.14736, 1.9149999999999983
-5.16, 0, -5.3732E-05, 2.18592, 1.8835000000000028
-5.14, 0, -5.3078E-05, 2.2227, 1.8120000000000009
-5.12, 0, -5.2426E-05, 2.2584, 1.9450000000000383
-5.1000000000000005, 0, -5.1772000000000005E-05, 2.3005, 1.9925000000000064
-5.08, 0, -5.1128E-05, 2.3381000000000003, 1.8550000000000051
-5.0600000000000005, 0, -5.049E-05, 2.3747000000000003, 1.8
-5.04, 0, -4.9858E-05, 2.4101000000000004, 1.7325000000000019
-5.0200000000000005, 0, -4.9228000000000004E-05, 2.4440000000000004, 1.8124999999999931
-5, 0, -4.86E-05, 2.4826, 1.957499999999988
-4.98, 0, -4.7984E-05, 2.5223, 1.8874999999999957
-4.96, 0, -4.7338E-05, 2.5581, 1.8524999999999998
-4.94, 0, -4.674E-05, 2.5964, 1.9350000000000072
-4.92, 0, -4.6132000000000005E-05, 2.6355000000000004, 1.8199999999999978
-4.9, 0, -4.5524E-05, 2.6692, 1.6649999999999927
-4.88, 0, -4.4934E-05, 2.7021, 1.7725000000000086
-4.86, 0, -4.4342E-05, 2.7401000000000004, 1.9075000000000046
-4.84, 0, -4.3758000000000004E-05, 2.7784000000000004, 1.8274999999999915
-4.82, 0, -4.3168000000000004E-05, 2.8132, 1.7524999999999886
-4.8, 0, -4.2596000000000003E-05, 2.8485, 1.7850000000000017
-4.78, 0, -4.2018E-05, 2.8846000000000003, 1.7624999999999986
-4.76, 0, -4.146E-05, 2.919, 1.8375000000000015
-4.74, 0, -4.0878000000000004E-05, 2.9581000000000004, 1.8925000000000063
-4.72, 0, -4.0318E-05, 2.9947000000000004, 1.7649999999999928
-4.7, 0, -3.9776E-05, 3.0287, 1.8099999999999989
-4.68, 0, -3.9232E-05, 3.0671000000000004, 1.8550000000000051
-4.66, 0, -3.8696000000000004E-05, 3.1029000000000004, 1.6425000000000007
-4.64, 0, -3.8152E-05, 3.1328000000000005, 1.8624999999999987
-4.62, 0, -3.762E-05, 3.1774000000000004, 1.98750000000004
-4.6000000000000005, 0, -3.7094E-05, 3.2123000000000004, 1.6124999999999932
-4.58, 0, -3.6582E-05, 3.2419000000000002, 1.6699999999999922
-4.5600000000000005, 0, -3.6056E-05, 3.2791, 1.6275000000000024
-4.54, 0, -3.5538000000000004E-05, 3.3070000000000004, 1.8149999999999984
-4.5200000000000005, 0, -3.5008E-05, 3.3517, 1.912499999999993
-4.5, 0, -3.451E-05, 3.3835, 1.6825000000000074
-4.48, 0, -3.4002000000000004E-05, 3.4190000000000005, 1.8574999999999993
-4.46, 0, -3.3512E-05, 3.4578, 1.6924999999999952
-4.44, 0, -3.302E-05, 3.4867000000000004, 1.6225000000000032
-4.42, 0, -3.2542E-05, 3.5227000000000004, 1.8749999999999918
-4.4, 0, -3.2058000000000004E-05, 3.5617, 1.7149999999999983
-4.38, 0, -3.158E-05, 3.5913000000000004, 1.6825000000000074
-4.36, 0, -3.1112E-05, 3.6290000000000004, 1.879999999999991
-4.34, 0, -3.0636E-05, 3.6665, 1.7549999999999939
-4.32, 0, -3.0178E-05, 3.6992000000000003, 1.5150000000000095
-4.3, 0, -2.9706E-05, 3.7271000000000005, 1.7524999999999997
-4.28, 0, -2.9262000000000002E-05, 3.7693000000000003, 1.9174999999999924
-4.26, 0, -2.8814000000000002E-05, 3.8038000000000003, 1.5724999999999976
-4.24, 0, -2.837E-05, 3.8322000000000003, 1.5249999999999973
-4.22, 0, -2.7932E-05, 3.8648000000000002, 1.8425000000000009
-4.2, 0, -2.7492E-05, 3.9059000000000004, 1.6850000000000016
-4.18, 0, -2.707E-05, 3.9322000000000004, 1.544999999999995
-4.16, 0, -2.6648E-05, 3.9677000000000002, 1.6425000000000007
-4.14, 0, -2.6222E-05, 3.9979000000000005, 1.5900000000000123
-4.12, 0, -2.5802E-05, 4.0313000000000008, 1.5349999999999962
-4.1, 0, -2.5390000000000003E-05, 4.0593, 1.7374999999999903
-4.08, 0, -2.4982000000000002E-05, 4.1008000000000004, 1.8750000000000444
-4.0600000000000005, 0, -2.4564E-05, 4.1343000000000005, 1.8249999999999862
-4.04, 0, -2.4164E-05, 4.1738, 1.722500000000003
-4.0200000000000005, 0, -2.3772000000000002E-05, 4.2032000000000007, 1.532500000000002
-4, 0, -2.3382E-05, 4.2351, 1.5949999999999318
-8, 0, -0.00016600000000000002, -3.7648, 1.4600000000000257
-7.98, 0, -0.00016526, -3.7356000000000003, 1.467499999999998
-7.96, 0, -0.00016450000000000001, -3.7061, 1.5349999999999962
-7.94, 0, -0.00016374, -3.6742000000000004, 1.5475000000000003
-7.92, 0, -0.00016298000000000002, -3.6442, 1.5275000000000025
-7.9, 0, -0.00016228, -3.6131, 1.5599999999999934
-7.88, 0, -0.00016154, -3.5818000000000003, 1.5499999999999945
-7.86, 0, -0.00016078000000000002, -3.5511000000000004, 1.5199999999999978
-7.84, 0, -0.00016002, -3.5210000000000004, 1.5375000000000014
-7.82, 0, -0.00015930000000000002, -3.4896000000000003, 1.5425000000000009
-7.8, 0, -0.00015854, -3.4593000000000003, 1.5049999999999995
-7.78, 0, -0.00015778, -3.4294000000000002, 1.5549999999999939
-7.76, 0, -0.00015702, -3.3971000000000005, 1.5549999999999939
-7.74, 0, -0.00015628000000000002, -3.3672000000000004, 1.5149999999999984
-7.72, 0, -0.0001555, -3.3365000000000005, 1.5500000000000056
-7.7, 0, -0.00015470000000000002, -3.3052, 1.5725000000000087
-7.68, 0, -0.00015392000000000002, -3.2736, 1.6124999999999932
-7.66, 0, -0.00015316, -3.2407000000000004, 1.6525000000000254
-7.6400000000000006, 0, -0.00015242, -3.2075000000000005, 1.6225000000000032
-7.62, 0, -0.00015166000000000002, -3.1758, 1.5725000000000087
-7.6000000000000005, 0, -0.00015088000000000002, -3.1446, 1.6224999999999921
-7.58, 0, -0.00015008, -3.1109000000000004, 1.6299999999999966
-7.5600000000000005, 0, -0.00014932000000000001, -3.0794, 1.5800000000000023
-7.54, 0, -0.00014852000000000002, -3.0477000000000003, 1.5924999999999954
-7.5200000000000005, 0, -0.00014772, -3.0157000000000003, 1.5924999999999954
-7.5, 0, -0.00014696000000000002, -2.9840000000000004, 1.6275000000000024
-7.48, 0, -0.00014618, -2.9506, 1.6650000000000038
-7.46, 0, -0.00014536, -2.9174, 1.6475000000000002
-7.44, 0, -0.00014458, -2.8847, 1.6524999999999996
-7.42, 0, -0.0001438, -2.8513, 1.6949999999999894
-7.4, 0, -0.00014298000000000002, -2.8169000000000004, 1.6874999999999958
-7.38, 0, -0.00014218, -2.7838000000000003, 1.6375000000000013
-7.36, 0, -0.00014136000000000002, -2.7514000000000003, 1.6299999999999966
-7.34, 0, -0.00014054, -2.7186000000000003, 1.6600000000000044
-7.32, 0, -0.00013976, -2.685, 1.7125000000000041
-7.3, 0, -0.00013896, -2.6501, 1.7374999999999903
-7.28, 0, -0.00013816000000000002, -2.6155000000000004, 1.6774999999999969
-7.26, 0, -0.00013734, -2.583, 1.7149999999999983
-7.24, 0, -0.00013654000000000002, -2.5469000000000004, 1.744999999999995
-7.22, 0, -0.00013572, -2.5132000000000003, 1.6825000000000074
-7.2, 0, -0.0001349, -2.4796, 1.6800000000000022
-7.18, 0, -0.0001341, -2.446, 1.7174999999999925
-7.16, 0, -0.00013330000000000002, -2.4109000000000003, 1.7425000000000395
-7.1400000000000006, 0, -0.00013246000000000002, -2.3763, 1.7824999999999964
-7.12, 0, -0.00013164, -2.3396000000000003, 1.7799999999999911
-7.1000000000000005, 0, -0.00013082, -2.3051000000000004, 1.7475000000000003
-7.08, 0, -0.00013000000000000002, -2.2697000000000003, 1.7099999999999989
-7.0600000000000005, 0, -0.00012916000000000002, -2.2367000000000004, 1.7149999999999983
-7.04, 0, -0.00012832000000000002, -2.2011000000000003, 1.7850000000000017
-7.0200000000000005, 0, -0.0001275, -2.1653000000000002, 1.7975000000000059
-7, 0, -0.00012668, -2.1292, 1.7700000000000034
-6.98, 0, -0.00012584, -2.0945, 1.7974999999999948
-6.96, 0, -0.00012498, -2.0573, 1.822499999999992
-6.94, 0, -0.00012418000000000002, -2.0216000000000003, 1.7305000000000055
-6.92, 0, -0.00012332, -1.9880799999999999, 1.7740000000000074
-6.9, 0, -0.0001225, -1.95064, 1.8179999999999958
-6.88, 0, -0.00012166000000000001, -1.91536, 1.7790000000000013
-6.86, 0, -0.00012078, -1.8794799999999998, 1.8070000000000015
-6.84, 0, -0.00011996000000000001, -1.8430799999999998, 1.8199999999999978
-6.82, 0, -0.00011912000000000001, -1.8066799999999998, 1.8519999999999965
-6.8, 0, -0.00011826000000000001, -1.769, 1.8399999999999956
-6.78, 0, -0.00011742000000000001, -1.73308, 1.7789999999999957
-6.76, 0, -0.0001166, -1.69784, 1.7799999999999967
-6.74, 0, -0.00011572000000000001, -1.66188, 1.8400000000000012
-6.72, 0, -0.0001149, -1.62424, 1.889
-6.7, 0, -0.00011404000000000001, -1.58632, 1.8449999999999951
-6.68, 0, -0.00011322, -1.55044, 1.861
-6.66, 0, -0.00011238, -1.51188, 1.8570000000000426
-6.6400000000000006, 0, -0.00011152, -1.47616, 1.8339999999999952
-6.62, 0, -0.00011068, -1.43852, 1.8549999999999995
-6.6000000000000005, 0, -0.00010980000000000001, -1.4019599999999999, 1.9049999999999994
-6.58, 0, -0.00010894000000000001, -1.36232, 1.9199999999999977
-6.5600000000000005, 0, -0.00010808000000000001, -1.32516, 1.9230000000000007
-6.54, 0, -0.00010724000000000001, -1.2853999999999999, 1.8769999999999991
-6.5200000000000005, 0, -0.00010640000000000001, -1.2500799999999999, 1.858999999999998
-6.5, 0, -0.00010558, -1.21104, 1.9259999999999982
-6.48, 0, -0.00010470000000000001, -1.1730399999999999, 1.9079999999999968
-6.46, 0, -0.00010388, -1.13472, 1.8519999999999965
-6.44, 0, -0.00010304, -1.09896, 1.9019999999999964
-6.42, 0, -0.00010216000000000001, -1.05864, 1.989
-6.4, 0, -0.00010132000000000001, -1.0193999999999999, 1.9560000000000004
-6.38, 0, -0.0001005, -0.98039999999999994, 1.8769999999999965
-6.36, 0, -9.9706E-05, -0.94431999999999994, 1.8699999999999979
-6.34, 0, -9.8856E-05, -0.9056, 1.9289999999999985
-6.32, 0, -9.801E-05, -0.86715999999999993, 1.9919999999999976
-6.3, 0, -9.7142E-05, -0.82592, 1.946999999999997
-6.28, 0, -9.6304E-05, -0.78928, 1.8929999999999985
-6.26, 0, -9.547200000000001E-05, -0.7502, 1.9539999999999984
-6.24, 0, -9.4628E-05, -0.71112, 1.984999999999999
-6.22, 0, -9.3806E-05, -0.6708, 1.9509999999999983
-6.2, 0, -9.2978E-05, -0.63308, 1.9329999999999969
-6.18, 0, -9.2154E-05, -0.59348, 1.9929999999999986
-6.16, 0, -9.1324000000000009E-05, -0.55336, 1.9770000000000432
-6.1400000000000006, 0, -9.0502000000000009E-05, -0.5144, 1.9119999999999982
-6.12, 0, -8.9676E-05, -0.47687999999999997, 1.9279999999999975
-6.1000000000000005, 0, -8.886E-05, -0.43728, 1.997999999999998
-6.08, 0, -8.801E-05, -0.39696, 1.9359999999999986
-6.0600000000000005, 0, -8.72E-05, -0.35984, 1.9299999999999982
-6.04, 0, -8.6382E-05, -0.31976, 1.9529999999999987
-6.0200000000000005, 0, -8.5562E-05, -0.28171999999999997, 1.9319999999999979
-6, 0, -8.4762E-05, -0.24248, 1.920999999999998
-5.98, 0, -8.3948E-05, -0.20487999999999998, 1.9759999999999982
-5.96, 0, -8.3144E-05, -0.16344, 2.0439999999999978
-5.94, 0, -8.2350000000000009E-05, -0.12312, 1.9839999999999982
-5.92, 0, -8.1540000000000009E-05, -0.08408, 1.9399999999999984
-5.9, 0, -8.0744E-05, -0.04552, 1.9119999999999984
-5.88, 0, -7.9956E-05, -0.0076, 1.9569999999999981
-5.86, 0, -7.9134E-05, 0.03276, 1.9689999999999981
-5.84, 0, -7.8348E-05, 0.07116, 1.9439999999999982
-5.82, 0, -7.7554E-05, 0.11052, 1.9279999999999982
-5.8, 0, -7.6768000000000008E-05, 0.14828, 1.9929999999999981
-5.78, 0, -7.5990000000000009E-05, 0.19024, 1.999999999999998
-5.76, 0, -7.5222E-05, 0.22827999999999998, 1.9309999999999983
-5.74, 0, -7.4448E-05, 0.26748, 1.9249999999999987
-5.72, 0, -7.368E-05, 0.30528, 1.9439999999999982
-5.7, 0, -7.2918000000000009E-05, 0.34524, 1.9289999999999985
-5.68, 0, -7.2148E-05, 0.38244, 1.9029999999999974
-5.66, 0, -7.139E-05, 0.42135999999999996, 2.0519999999999978
-5.64, 0, -7.0604E-05, 0.46452, 1.998999999999999
-5.62, 0, -6.9852000000000008E-05, 0.50132, 1.8840000000000412
-5.6000000000000005, 0, -6.9106E-05, 0.53988, 1.9579999999999969
-5.58, 0, -6.836E-05, 0.57963999999999993, 1.9649999999999956
-5.5600000000000005, 0, -6.7618E-05, 0.61847999999999992, 1.9789999999999985
-5.54, 0, -6.687E-05, 0.65879999999999994, 1.9590000000000007
-5.5200000000000005, 0, -6.6138E-05, 0.69684, 1.923999999999999
-5.5, 0, -6.5412E-05, 0.73576, 1.9399999999999984
-5.48, 0, -6.469E-05, 0.77444, 1.8759999999999981
-5.46, 0, -6.3978E-05, 0.8108, 1.8989999999999963
-5.44, 0, -6.326E-05, 0.85039999999999993, 2.012999999999999
-5.42, 0, -6.2542E-05, 0.89132, 1.975
-5.4, 0, -6.1808E-05, 0.9294, 1.8939999999999968
-5.38, 0, -6.1114E-05, 0.96707999999999994, 1.944999999999995
-5.36, 0, -6.0408E-05, 1.0071999999999999, 1.9680000000000013
-5.34, 0, -5.9716E-05, 1.0458, 1.9060000000000004
-5.32, 0, -5.9012000000000004E-05, 1.08344, 1.9329999999999941
-5.3, 0, -5.8322E-05, 1.12312, 1.9060000000000004
-5.28, 0, -5.7644E-05, 1.15968, 1.8460000000000016
-5.26, 0, -5.6970000000000005E-05, 1.19696, 1.8929999999999985
-5.24, 0, -5.6288E-05, 1.2354, 1.9299999999999966
-5.22, 0, -5.5626E-05, 1.27416, 1.9569999999999959
-5.2, 0, -5.4964000000000004E-05, 1.31368, 1.9589999999999979
-5.18, 0, -5.4278000000000004E-05, 1.35252, 1.9239999999999962
-5.16, 0, -5.3610000000000003E-05, 1.3906399999999999, 1.8699999999999979
-5.14, 0, -5.295E-05, 1.42732, 1.8769999999999991
-5.12, 0, -5.2300000000000004E-05, 1.46572, 1.9430000000000418
-5.1000000000000005, 0, -5.1658E-05, 1.50504, 1.8919999999999975
-5.08, 0, -5.1026E-05, 1.5413999999999999, 1.8299999999999967
-5.0600000000000005, 0, -5.0390000000000004E-05, 1.5782399999999999, 1.8740000000000019
-5.04, 0, -4.9760000000000005E-05, 1.61636, 1.9049999999999994
-5.0200000000000005, 0, -4.914E-05, 1.65444, 1.9339999999999951
-5, 0, -4.8528E-05, 1.69372, 1.8379999999999992
-4.98, 0, -4.7904E-05, 1.72796, 1.9039999999999984
-4.96, 0, -4.7254E-05, 1.76988, 1.9780000000000002
-4.94, 0, -4.6654000000000004E-05, 1.80708, 1.9060000000000004
-4.92, 0, -4.6056E-05, 1.84612, 1.9009999999999954
-4.9, 0, -4.5458000000000004E-05, 1.88312, 1.8659999999999994
-4.88, 0, -4.487E-05, 1.92076, 1.7819999999999987
-4.86, 0, -4.4278E-05, 1.9544, 1.7789999999999957
-4.84, 0, -4.3706000000000005E-05, 1.99192, 1.8629999999999964
-4.82, 0, -4.3134000000000004E-05, 2.02892, 1.8719999999999943
-4.8, 0, -4.257E-05, 2.0667999999999997, 1.795999999999996
-4.78, 0, -4.1998E-05, 2.1007599999999997, 1.8689999999999969
-4.76, 0, -4.1432E-05, 2.1415599999999997, 1.9149999999999983
-4.74, 0, -4.0850000000000004E-05, 2.1773599999999997, 1.793500000000013
-4.72, 0, -4.0286E-05, 2.2133000000000003, 1.9060000000000059
-4.7, 0, -3.9746E-05, 2.2536, 1.890000000000001
-4.68, 0, -3.921E-05, 2.2889000000000004, 1.8249999999999973
-4.66, 0, -3.8666E-05, 2.3266, 1.8474999999999893
-4.64, 0, -3.8132E-05, 2.3628, 1.8225000000000031
-4.62, 0, -3.7606E-05, 2.3995, 1.8375000000000421
-4.6000000000000005, 0, -3.7076E-05, 2.4363, 1.7700000000000034
-4.58, 0, -3.6558000000000005E-05, 2.4703000000000004, 1.8249999999999973
-4.5600000000000005, 0, -3.6042E-05, 2.5093, 1.8774999999999968
-4.54, 0, -3.5532E-05, 2.5454000000000003, 1.8550000000000051
-4.5200000000000005, 0, -3.5000000000000004E-05, 2.5835000000000004, 1.8349999999999962
-4.5, 0, -3.4494E-05, 2.6188000000000002, 1.7724999999999975
-4.48, 0, -3.3998E-05, 2.6544000000000003, 1.8199999999999978
-4.46, 0, -3.3506E-05, 2.6916, 1.7475000000000003
-4.44, 0, -3.3024E-05, 2.7243000000000004, 1.7874999999999959
-4.42, 0, -3.2528000000000004E-05, 2.7631, 1.7874999999999959
-4.4, 0, -3.206E-05, 2.7958000000000003, 1.7425000000000008
-4.38, 0, -3.1588E-05, 2.8328, 1.8149999999999984
-4.36, 0, -3.1112E-05, 2.8684000000000003, 1.7700000000000034
-4.34, 0, -3.0646000000000004E-05, 2.9036000000000004, 1.832500000000002
-4.32, 0, -3.0178E-05, 2.9417000000000004, 1.8674999999999982
-4.3, 0, -2.9710000000000002E-05, 2.9783000000000004, 1.8374999999999904
-4.28, 0, -2.926E-05, 3.0152, 1.8374999999999904
-4.26, 0, -2.8806E-05, 3.0518, 1.8225000000000031
-4.24, 0, -2.8376E-05, 3.0881000000000003, 1.7674999999999981
-4.22, 0, -2.7930000000000002E-05, 3.1225, 1.6950000000000005
-4.2, 0, -2.7506E-05, 3.1559000000000004, 1.7125000000000041
-4.18, 0, -2.7076E-05, 3.1910000000000003, 1.7674999999999981
-4.16, 0, -2.6648E-05, 3.2266000000000004, 1.7974999999999948
-4.14, 0, -2.6232000000000002E-05, 3.2629, 1.8049999999999995
-4.12, 0, -2.5816E-05, 3.2988000000000004, 1.7099999999999989
-4.1, 0, -2.5414E-05, 3.3313, 1.6549999999999938
-4.08, 0, -2.5006E-05, 3.365, 1.8025000000000453
-4.0600000000000005, 0, -2.4596E-05, 3.4034000000000004, 1.8624999999999987
-4.04, 0, -2.4194000000000002E-05, 3.4395000000000002, 1.7274999999999914
-4.0200000000000005, 0, -2.3800000000000003E-05, 3.4725, 1.6475000000000002
-4, 0, -2.3406E-05, 3.5054000000000003, 1.6449999999999696
-8, 0, -0.0001528, -4.3826, 1.3350000000000257
-7.98, 0, -0.00015214000000000002, -4.3559, 1.3099999999999878
-7.96, 0, -0.0001515, -4.3302000000000005, 1.3499999999999834
-7.94, 0, -0.00015082, -4.3019000000000007, 1.3500000000000056
-7.92, 0, -0.00015014000000000002, -4.2762, 1.3225000000000031
-7.9, 0, -0.00014948, -4.2490000000000006, 1.3449999999999951
-7.88, 0, -0.00014882, -4.2224, 1.3349999999999962
-7.86, 0, -0.00014814, -4.1956000000000007, 1.3349999999999962
-7.84, 0, -0.00014748000000000002, -4.1690000000000005, 1.3249999999999973
-7.82, 0, -0.00014682, -4.1426000000000007, 1.3375000000000126
-7.8, 0, -0.00014616, -4.1155, 1.3550000000000162
-7.78, 0, -0.0001455, -4.0884, 1.3499999999999834
-7.76, 0, -0.00014482, -4.0615000000000006, 1.3524999999999998
-7.74, 0, -0.00014418000000000002, -4.0343, 1.3575000000000104
-7.72, 0, -0.00014352, -4.0072, 1.379999999999991
-7.7, 0, -0.00014286, -3.9791000000000003, 1.4149999999999983
-7.68, 0, -0.00014214000000000002, -3.9506, 1.4149999999999983
-7.66, 0, -0.00014148, -3.9225000000000003, 1.3750000000000222
-7.6400000000000006, 0, -0.0001408, -3.8956000000000004, 1.354999999999994
-7.62, 0, -0.00014012, -3.8683000000000005, 1.3800000000000021
-7.6000000000000005, 0, -0.00013946, -3.8404000000000003, 1.3800000000000021
-7.58, 0, -0.00013874000000000002, -3.8131000000000004, 1.3674999999999982
-7.5600000000000005, 0, -0.0001381, -3.7857000000000003, 1.3850000000000016
-7.54, 0, -0.0001374, -3.7577000000000003, 1.4074999999999935
-7.5200000000000005, 0, -0.00013672, -3.7294000000000005, 1.4049999999999994
-7.5, 0, -0.00013604, -3.7015000000000002, 1.4025000000000052
-7.48, 0, -0.00013536, -3.6733000000000002, 1.4174999999999924
-7.46, 0, -0.00013468, -3.6448000000000005, 1.4224999999999919
-7.44, 0, -0.000134, -3.6164000000000005, 1.4300000000000077
-7.42, 0, -0.00013332, -3.5876, 1.4650000000000039
-7.4, 0, -0.0001326, -3.5578000000000003, 1.4299999999999966
-7.38, 0, -0.00013192, -3.5304, 1.444999999999995
-7.36, 0, -0.00013122, -3.5000000000000004, 1.4549999999999939
-7.34, 0, -0.00013054, -3.4722000000000004, 1.4049999999999994
-7.32, 0, -0.00012982, -3.4438000000000004, 1.4049999999999994
-7.3, 0, -0.00012912, -3.4160000000000004, 1.4425000000000008
-7.28, 0, -0.00012844, -3.3861000000000003, 1.4900000000000011
-7.26, 0, -0.00012776, -3.3564000000000003, 1.455000000000005
-7.24, 0, -0.00012702000000000001, -3.3279, 1.4599999999999933
-7.22, 0, -0.00012634, -3.2980000000000005, 1.4574999999999991
-7.2, 0, -0.00012564, -3.2696, 1.4500000000000055
-7.18, 0, -0.00012494, -3.24, 1.4824999999999964
-7.16, 0, -0.00012424000000000002, -3.2103, 1.4875000000000289
-7.1400000000000006, 0, -0.00012354, -3.1805000000000003, 1.5024999999999942
-7.12, 0, -0.00012278000000000001, -3.1502000000000003, 1.5149999999999984
-7.1000000000000005, 0, -0.00012208, -3.1199000000000003, 1.5025000000000053
-7.08, 0, -0.00012136, -3.0901, 1.4750000000000028
-7.0600000000000005, 0, -0.00012066000000000001, -3.0609, 1.4999999999999889
-7.04, 0, -0.00011994000000000001, -3.0301000000000005, 1.5274999999999914
-7.0200000000000005, 0, -0.00011926, -2.9998000000000005, 1.5275000000000025
-7, 0, -0.00011854000000000001, -2.9690000000000003, 1.5
-6.98, 0, -0.0001178, -2.9398000000000004, 1.4900000000000011
-6.96, 0, -0.00011710000000000001, -2.9094, 1.5149999999999984
-6.94, 0, -0.00011636, -2.8792000000000004, 1.532500000000002
-6.92, 0, -0.00011566, -2.8481, 1.555000000000005
-6.9, 0, -0.00011494000000000001, -2.817, 1.577499999999997
-6.88, 0, -0.00011424, -2.785, 1.5950000000000006
-6.86, 0, -0.00011348, -2.7532, 1.5574999999999992
-6.84, 0, -0.00011276000000000001, -2.7227, 1.5425000000000009
-6.82, 0, -0.00011204, -2.6915, 1.5649999999999928
-6.8, 0, -0.00011132000000000001, -2.6601000000000004, 1.544999999999995
-6.78, 0, -0.00011062000000000001, -2.6297, 1.5299999999999967
-6.76, 0, -0.00010986000000000001, -2.5989000000000004, 1.5974999999999948
-6.74, 0, -0.00010912000000000001, -2.5658000000000003, 1.6075000000000048
-6.72, 0, -0.0001084, -2.5346, 1.5724999999999976
-6.7, 0, -0.00010768000000000001, -2.5029000000000003, 1.6049999999999995
-6.68, 0, -0.00010696, -2.4704, 1.6125000000000043
-6.66, 0, -0.00010624000000000001, -2.4384, 1.5950000000000359
-6.6400000000000006, 0, -0.00010552, -2.4066, 1.5874999999999959
-6.62, 0, -0.00010478000000000001, -2.3749000000000002, 1.5874999999999959
-6.6000000000000005, 0, -0.00010406, -2.3431, 1.6449999999999949
-6.58, 0, -0.00010326000000000001, -2.3091000000000004, 1.6524999999999996
-6.5600000000000005, 0, -0.00010254, -2.277, 1.6425000000000007
-6.54, 0, -0.00010182000000000001, -2.2434000000000003, 1.6275000000000024
-6.5200000000000005, 0, -0.00010108, -2.2119, 1.6
-6.5, 0, -0.00010038000000000001, -2.1794000000000002, 1.6324999999999907
-6.48, 0, -9.9654E-05, -2.1466000000000003, 1.6449999999999949
-6.46, 0, -9.8918E-05, -2.1136000000000004, 1.6199999999999979
-6.44, 0, -9.8182E-05, -2.0818000000000003, 1.6250000000000082
-6.42, 0, -9.7446E-05, -2.0486, 1.6600000000000044
-6.4, 0, -9.670800000000001E-05, -2.0154, 1.6750000000000027
-6.38, 0, -9.5964E-05, -1.9815999999999998, 1.6470000000000025
-6.36, 0, -9.5230000000000008E-05, -1.94952, 1.6409999999999965
-6.34, 0, -9.451E-05, -1.9159599999999999, 1.6909999999999965
-6.32, 0, -9.375E-05, -1.88188, 1.7229999999999952
-6.3, 0, -9.301E-05, -1.84704, 1.7089999999999979
-6.28, 0, -9.226E-05, -1.81352, 1.6910000000000021
-6.26, 0, -9.1528000000000009E-05, -1.7793999999999999, 1.6960000000000015
-6.24, 0, -9.0788E-05, -1.74568, 1.7009999999999954
-6.22, 0, -9.0046E-05, -1.71136, 1.7129999999999963
-6.2, 0, -8.9316E-05, -1.67716, 1.7259999999999982
-6.18, 0, -8.8578E-05, -1.64232, 1.7280000000000002
-6.16, 0, -8.7850000000000008E-05, -1.60804, 1.6850000000000391
-6.1400000000000006, 0, -8.7112E-05, -1.5749199999999999, 1.6789999999999956
-6.12, 0, -8.638000000000001E-05, -1.54088, 1.7229999999999952
-6.1000000000000005, 0, -8.564E-05, -1.506, 1.7480000000000036
-6.08, 0, -8.4884000000000009E-05, -1.4709599999999998, 1.7560000000000005
-6.0600000000000005, 0, -8.4152E-05, -1.43576, 1.7349999999999961
-6.04, 0, -8.3424E-05, -1.40156, 1.7189999999999968
-6.0200000000000005, 0, -8.2694E-05, -1.367, 1.7249999999999972
-6, 0, -8.1962E-05, -1.33256, 1.7439999999999996
-5.98, 0, -8.1236E-05, -1.29724, 1.7570000000000015
-5.96, 0, -8.0512E-05, -1.2622799999999999, 1.7519999999999965
-5.94, 0, -7.9784000000000007E-05, -1.22716, 1.7659999999999938
-5.92, 0, -7.9054E-05, -1.19164, 1.752000000000002
-5.9, 0, -7.8332000000000008E-05, -1.1570799999999999, 1.7159999999999993
-5.88, 0, -7.7622E-05, -1.123, 1.7709999999999988
-5.86, 0, -7.6868E-05, -1.0862399999999999, 1.8
-5.84, 0, -7.6146E-05, -1.051, 1.7539999999999985
-5.82, 0, -7.5442E-05, -1.0160799999999999, 1.7809999999999977
-5.8, 0, -7.4728000000000007E-05, -0.97976, 1.7829999999999968
-5.78, 0, -7.401E-05, -0.94475999999999993, 1.7839999999999978
-5.76, 0, -7.3294E-05, -0.9084, 1.7869999999999982
-5.74, 0, -7.2598E-05, -0.87328, 1.7659999999999994
-5.72, 0, -7.1886000000000009E-05, -0.83776, 1.7639999999999974
-5.7, 0, -7.1176E-05, -0.80272, 1.7879999999999992
-5.68, 0, -7.0466E-05, -0.76623999999999992, 1.7780000000000003
-5.66, 0, -6.9786E-05, -0.73159999999999992, 1.7859999999999972
-5.64, 0, -6.9052E-05, -0.6948, 1.822999999999998
-5.62, 0, -6.8358E-05, -0.65867999999999993, 1.8110000000000373
-5.6000000000000005, 0, -6.7646E-05, -0.62236, 1.8049999999999966
-5.58, 0, -6.6954E-05, -0.58648, 1.7849999999999988
-5.5600000000000005, 0, -6.626E-05, -0.55096, 1.7939999999999996
-5.54, 0, -6.5566E-05, -0.51472, 1.8109999999999986
-5.5200000000000005, 0, -6.488E-05, -0.47852, 1.8049999999999982
-5.5, 0, -6.4196E-05, -0.44251999999999997, 1.8109999999999986
-5.48, 0, -6.3506E-05, -0.40608, 1.7859999999999985
-5.46, 0, -6.283E-05, -0.37107999999999997, 1.7899999999999983
-5.44, 0, -6.216E-05, -0.33448, 1.8119999999999981
-5.42, 0, -6.149E-05, -0.2986, 1.8339999999999992
-5.4, 0, -6.079E-05, -0.26111999999999996, 1.842999999999998
-5.38, 0, -6.0118E-05, -0.22488, 1.8149999999999977
-5.36, 0, -5.9456E-05, -0.18852, 1.8039999999999985
-5.34, 0, -5.88E-05, -0.15272, 1.7839999999999983
-5.32, 0, -5.8138000000000005E-05, -0.11716, 1.7769999999999986
-5.3, 0, -5.7484E-05, -0.08163999999999999, 1.8129999999999984
-5.28, 0, -5.6834000000000005E-05, -0.04464, 1.8069999999999979
-5.26, 0, -5.6194000000000004E-05, -0.00936, 1.7869999999999984
-5.24, 0, -5.555E-05, 0.02684, 1.8179999999999985
-5.22, 0, -5.4914E-05, 0.06336, 1.8129999999999982
-5.2, 0, -5.4268E-05, 0.09935999999999999, 1.8449999999999984
-5.18, 0, -5.3612E-05, 0.13716, 1.8379999999999988
-5.16, 0, -5.299E-05, 0.17288, 1.8109999999999977
-5.14, 0, -5.237E-05, 0.20959999999999998, 1.8129999999999977
-5.12, 0, -5.1744000000000005E-05, 0.24539999999999998, 1.7910000000000383
-5.1000000000000005, 0, -5.1132000000000004E-05, 0.28124, 1.7849999999999981
-5.08, 0, -5.0516E-05, 0.31679999999999997, 1.8109999999999986
-5.0600000000000005, 0, -4.9906E-05, 0.35368, 1.7889999999999988
-5.04, 0, -4.93E-05, 0.38836, 1.7809999999999977
-5.0200000000000005, 0, -4.8698E-05, 0.42491999999999996, 1.8219999999999983
-5, 0, -4.8096E-05, 0.46124, 1.8029999999999988
-4.98, 0, -4.7502E-05, 0.49704, 1.8279999999999974
-4.96, 0, -4.6878E-05, 0.53436, 1.8269999999999977
-4.94, 0, -4.63E-05, 0.57012, 1.7969999999999997
-4.92, 0, -4.5704E-05, 0.60624, 1.7819999999999987
-4.9, 0, -4.5140000000000005E-05, 0.6414, 1.748999999999999
-4.88, 0, -4.4554E-05, 0.6762, 1.8179999999999985
-4.86, 0, -4.3994E-05, 0.71412, 1.8439999999999968
-4.84, 0, -4.3418000000000003E-05, 0.74996, 1.7859999999999972
-4.82, 0, -4.2864E-05, 0.78555999999999992, 1.7599999999999989
-4.8, 0, -4.2294E-05, 0.82036, 1.7719999999999998
-4.78, 0, -4.1742E-05, 0.85644, 1.8139999999999974
-4.76, 0, -4.1186E-05, 0.89291999999999994, 1.8519999999999965
-4.74, 0, -4.0624E-05, 0.9305199999999999, 1.798999999999999
-4.72, 0, -4.0078E-05, 0.96488, 1.7399999999999984
-4.7, 0, -3.9542E-05, 1.00012, 1.7649999999999984
-4.68, 0, -3.9004E-05, 1.03548, 1.7809999999999977
-4.66, 0, -3.8482E-05, 1.0713599999999999, 1.8239999999999963
-4.64, 0, -3.7948E-05, 1.1084399999999999, 1.7809999999999977
-4.62, 0, -3.7422E-05, 1.1425999999999998, 1.764000000000042
-4.6000000000000005, 0, -3.6912E-05, 1.179, 1.7640000000000029
-4.58, 0, -3.6402E-05, 1.21316, 1.7759999999999983
-4.5600000000000005, 0, -3.5894E-05, 1.25004, 1.7809999999999977
-4.54, 0, -3.5392E-05, 1.2844, 1.7559999999999949
-4.5200000000000005, 0, -3.4866E-05, 1.32028, 1.7799999999999967
-4.5, 0, -3.4372E-05, 1.3556, 1.7759999999999983
-4.48, 0, -3.3878E-05, 1.39132, 1.7809999999999977
-4.46, 0, -3.3402E-05, 1.4268399999999999, 1.7230000000000008
-4.44, 0, -3.2914000000000004E-05, 1.46024, 1.7439999999999996
-4.42, 0, -3.2436E-05, 1.4966, 1.7899999999999956
-4.4, 0, -3.1966E-05, 1.5318399999999999, 1.7269999999999992
-4.38, 0, -3.1488E-05, 1.56568, 1.7300000000000022
-4.36, 0, -3.1032000000000004E-05, 1.60104, 1.7219999999999998
-4.34, 0, -3.0572E-05, 1.63456, 1.7279999999999947
-4.32, 0, -3.0122E-05, 1.6701599999999999, 1.8059999999999949
-4.3, 0, -2.9644E-05, 1.7067999999999999, 1.7800000000000023
-4.28, 0, -2.9198E-05, 1.74136, 1.7120000000000009
-4.26, 0, -2.8766000000000002E-05, 1.77528, 1.7309999999999977
-4.24, 0, -2.8316E-05, 1.8106, 1.7509999999999955
-4.22, 0, -2.7892E-05, 1.8453199999999999, 1.7189999999999968
-4.2, 0, -2.7458E-05, 1.87936, 1.7329999999999997
-4.18, 0, -2.7040000000000002E-05, 1.91464, 1.75
-4.16, 0, -2.6614E-05, 1.94936, 1.7060000000000004
-4.14, 0, -2.6192E-05, 1.98288, 1.7039999999999929
-4.12, 0, -2.5778E-05, 2.0175199999999998, 1.7230000000000008
-4.1, 0, -2.5372E-05, 2.0518, 1.7319999999999987
-4.08, 0, -2.4968000000000002E-05, 2.0867999999999998, 1.7710000000000381
-4.0600000000000005, 0, -2.4554000000000002E-05, 2.12264, 1.7219999999999998
-4.04, 0, -2.4158E-05, 2.15568, 1.6589999999999978
-4.0200000000000005, 0, -2.3766000000000003E-05, 2.189, 1.7055000000000027
-4, 0, -2.338E-05, 2.2239, 1.7449999999999564
